{
  "0": {
    "precision": 0.9458204334365325,
    "recall": 0.5903381642512078,
    "f1-score": 0.726948245092207,
    "support": 1035.0
  },
  "1": {
    "precision": 0.4442988204456094,
    "recall": 0.9064171122994652,
    "f1-score": 0.5963060686015831,
    "support": 374.0
  },
  "accuracy": 0.674237047551455,
  "macro avg": {
    "precision": 0.6950596269410709,
    "recall": 0.7483776382753364,
    "f1-score": 0.661627156846895,
    "support": 1409.0
  },
  "weighted avg": {
    "precision": 0.8126983019542009,
    "recall": 0.674237047551455,
    "f1-score": 0.6922710456546673,
    "support": 1409.0
  }
}